								
Roxanne	Level	Species [Form]		Item	Move 1	Move 2	Move 3	Move 4
Pokemon 1	12	Geodude		-	Tackle	Rock Tomb	Defence Curl	-
Pokemon 2	12	Lileep		-	Wrap	Rock Tomb	Acid	Fossilize
Pokemon 3	15	Baltoy		Oran Berry	Rapid Spin	Rock Tomb	Harden	Fossilize
Rock and Ancient								
LEVEL CAP 19								
Brawly	Level	Species [Form]		Item	Move 1	Move 2	Move 3	Move 4
Pokemon 1	16	Mankey			Monke Moment	Ooga Booga	Low Kick	-
Pokemon 2	16	Machop			Leer	Karate Chop	Tackle	Pee-Yew!
Pokemon 3	19	Sawk		Oran Berry	Double Kick	Focus Energy	Tackle	Pee-Yew!
Fighting and Stinky								
LEVEL CAP 24								
May/Brendan	Level	Species [Form]		Item	Move 1	Move 2	Move 3	Move 4
Pokemon 1	18	Lombre		-	Base Level Up			
Pokemon 2	18	Slugma		-	Base Level Up			
Pokemon 3.1	20	Bayleef		-	Base Level Up			
Pokemon 3.2		Brionne		-	Base Level Up			
Pokemon 3.3		Braixen		-	Base Level Up			
Wally								
Pokemon 1	14	Eevee		-	Base Level Up			
Pokemon 2	14	Roselia		-	Base Level Up			
Pokemon 3	16	Ralts		-	Base Level Up			
Watson	Level	Species [Form]		Item	Move 1	Move 2	Move 3	Move 4
Pokemon 1	20	Porygon		-	Prime Sub	Conversion	Hype Train	-
Pokemon 2	20	Rotom		-	Charge Beam	Confuse Ray	Charge	Hype Train
Pokemon 3	22	Pikachu		-	Shock Wave	Quick Attack	Pikattack	Thunder Wave
Pokemon 4	24	Whimsicott		Sitrus Berry	Prime Sub	-	Growth	Hype Train
Prime								
LEVEL CAP 29								
Flannery	Level	Species [Form]		Item	Move 1	Move 2	Move 3	Move 4
Pokemon 1	24	Furret		-	Puff Up	Snug Strike	Sunny Day	Warm Hug
Pokemon 2	24	Arcanine		-	Flame Charge	Bite	Cuddle Slam	Warm Hug
Pokemon 3	26	Flareon		-	Flame Charge	Sunny Day	Covet	Warm Hug
Pokemon 4	29	Ninetales		Sitrus Berry	Mystical Fire	Snug Strike	Etherwave	Warm Hug
Fire and Fluffy								
LEVEL CAP 31								
Norman	Level	Species [Form]		Item	Move 1	Move 2	Move 3	Move 4
Pokemon 1	27	Floatzel		-	Warm Hug	Aqua Jet	Brine	Glomp
Pokemon 2	27	Vaporeon		-	Water Pulse	Acid Armor	Glomp	-
Pokemon 3	29	Lucario		-	Bone Rush	Metal Claw	Force Palm	Glomp
Pokemon 4	31	Lopunny		Sitrus Berry	Attract	Cuddle Slam	Submission	Glomp
Furry								
LEVEL CAP 33								
May/Brendan	Level	Species [Form]		Item	Move 1	Move 2	Move 3	Move 4
Pokemon 1	29	Lombre			Base Level Up			
Pokemon 2	29	Slugma			Base Level Up			
Pokemon 3.1	31	Bayleef			Base Level Up			
Pokemon 3.2		Brionne			Base Level Up			
Pokemon 3.3		Braixen			Base Level Up			
Winona	Level	Species [Form]		Item	Move 1	Move 2	Move 3	Move 4
Pokemon 1	29	Ludicolo	Groovy	-	Groove Pulse	Water Pulse	Samba Strike	Flash Mob
Pokemon 2	29	Maractus		-	Static Shuffle	Mega Drain	Vibe Shift	Flash Mob
Pokemon 3	30	Chatot		-	Chatter	Vibe Shift	Aerial Ace	Flash Mob
Pokemon 4	31	Exploud		-	Fire Fang	Uproar	Echoed Voice	Flash Mob
Pokemon 5	33	Altaria		Sitrus Berry	Dragon Dance	Break It Down	Fluffy Fury	Flash Mob
Song and Dance								
LEVEL CAP 42								
May/Brendan	Level	Species [Form]		Item	Move 1	Move 2	Move 3	Move 4
Pokemon 1	31	Kangaskhan		-	Base Level Up			
Pokemon 2	32	Lombre		-	Base Level Up			
Pokemon 3	32	Slugma		-	Base Level Up			
Pokemon 4.1	36	Meganium		Sitrus Berry	Base Level Up			
Pokemon 4.2		Primarina			Base Level Up			
Pokemon 4.3		Delphox			Base Level Up			
Clay	Level	Species [Form]		Item	Move 1	Move 2	Move 3	Move 4
Pokemon 1	41	Duraludon		-	Protect	Flash Cannon	Shoot	Dragon Pulse
Pokemon 2	41	Bouffalant		-	Riot	Deport	Head Charge	Rodeo
Pokemon 3	42	Hitmonchan		-	Protect	Mach Punch	Bare Arms	Rodeo
Pokemon 4	42	Braviary		Sitrus Berry	Bare Arms	Rodeo	Shoot	RootinTootin
Republical Ohio (Double)								
LEVEL CAP 46								
Juan	Level	Species [Form]		Item	Move 1	Move 2	Move 3	Move 4
Pokemon 1	41	Crawdaunt		-	Waterfall	Crabhammer	Carcinization	Crab Rave
Pokemon 2	41	Crustle		-	X-Scissor	Stone Edge	Shell Smash	Crab Rave
Pokemon 3	43	Crabominable		-	Carcinization	Ice Hammer	Crab Hammer	Crab Rave
Pokemon 4	43	Machamp		-	Carcinization	Close Combat	Rock Slide	Crab Rave
Pokemon 5	46	Kingler		Sitrus Berry	Carcinization	Crabhammer	Guillotine	Crab Rave
Crab								
LEVEL CAP 58								
Wally	Level	Species [Form]		Item	Move 1	Move 2	Move 3	Move 4
Pokemon 1	44	G-Rapidash		-				
Pokemon 2	43	Roserade		-				
Pokemon 3	44	Sylveon		-				
Pokemon 4	41	Milotic		-				
Pokemon 5	45	Gallade		Sitrus Berry				
Gender								
Sidney	Level	Species [Form]		Item	Move 1	Move 2	Move 3	Move 4
Pokemon 1	46	Spinda		-	Dizzy Punch	Sucker Punch	Dollar on a Bill	Disable
Pokemon 2	48	Dracovish		-	Fishious Rend	Ancient Power	Crunch	Dragon Rush
Pokemon 3	46	Walrein		-	Squirting Flower	Wedding Cake	Rest	Sleep Talk
Pokemon 4	48	Mr. Rime		-	Wedding Cake	Hypno Goggles	Toon Up	Blizzard
Pokemon 5	49	Falinks		Sitrus Berry	No Retreat	Unionize	Peer Pressure	Close Combat
Silly								
Phoebe	Level	Species [Form]		Item	Move 1	Move 2	Move 3	Move 4
Pokemon 1	48	Sableye	Prankster	Salac Berry	Toxic	Normal Pill	Substitute	5 Nights
Pokemon 2	49	Grimsnarl	Prankster	Salac Berry	Light Screen	Reflect	Thunder Wave	Darkest Lariat
Pokemon 3	50	Dusknoir	Pressure	Salac Berry	Protect	Shadow Punch	Infestation	5 Nights
Pokemon 4	49	Porygon-Z	Adaptability	Salac Berry	Tri Attack	Screen Peak	Nasty Plot	Ice Beam
Pokemon 5	51	Bewear	Fluffy	Salac Berry	Bite of 87	Plush Punch	Play Rough	5 Nights
Gamer								
Larry (Glacia)	Level	Species [Form]		Item	Move 1	Move 2	Move 3	Move 4
Pokemon 1	50	Golem		-	Stealth Rocks	Explosion	-	-
Pokemon 2	50	Raticate		-	Hyper Fang	Super Fang	Quick Attack	Crunch
Pokemon 3	52	Dunsparce	Serene Grace	-	File W9	9 to 5	Wait	Send Email
Pokemon 4	52	Unfeazant		-	Eat Cracker	Brave Bird	Send Email	Facade
Pokemon 5	53	Slaking	Truant	Sitrus Berry	Rest	Giga Impact	WeDontWipe	Feint Attack
Boring								
Sussy Baka	Level	Species [Form]		Item	Move 1	Move 2	Move 3	Move 4
Pokemon 1	52	Ditto	Imposter	-	Transform	-	-	-
Pokemon 2	54	Zoroark	Illusion	-	Sabotage	Vent	Ball Pit	Night Daze
Pokemon 3	53	Mimikyu	Disguise	-	Sabotage	Vent	Shadow Sneak	Swords Dance
Pokemon 4	53	Lickilicky	Oblivious	-	Sabotage	Vent	Glomp	Charm
Pokemon 5	55	Amoongus	Regenerator	Sitrus Berry	Sabotage	Vent	Spore	Foul Play
Sus								
Steven	Level	Species [Form]		Item	Move 1	Move 2	Move 3	Move 4
Pokemon 1	57	Wynaut	Shadow Tag	Focus Sash	Counter	Mirror Coat	Destiny Bond	Encore
Pokemon 2	55	Shedinja	Mold Breaker	-	Bad Time	Protect	Shadow Bone	Gaster Blaster
Pokemon 3	56	Deoxys	Pressure	-	Crab Rave	Crabhammer	Meteor Mash	Cosmic Power
Pokemon 4	56	Metagross	Clear Body	-	Singularity	Meteor Mash	Iron Head	Crab Rave
Pokemon 5	56	Latias	Levitate	-	Thunderbolt	Ice Beam	Calm Mind	Roost
Pokemon 6	58	Silvally	RKS System	E. Memory	Multi-Attack	-	-	-
1 Full Restore								